INSERT INTO `speciality` (`id_speciality`,`name`) VALUES (1,'Medicina familiar');
INSERT INTO `speciality` (`id_speciality`,`name`) VALUES (2,'Estomatología');
INSERT INTO `speciality` (`id_speciality`,`name`) VALUES (3,'Cirugía general');
INSERT INTO `speciality` (`id_speciality`,`name`) VALUES (4,'Neurología');
INSERT INTO `speciality` (`id_speciality`,`name`) VALUES (5,'Geriatría');
INSERT INTO `speciality` (`id_speciality`,`name`) VALUES (6,'Pediatría');
INSERT INTO `speciality` (`id_speciality`,`name`) VALUES (7,'Imagenología');
INSERT INTO `speciality` (`id_speciality`,`name`) VALUES (8,'Oncología');
INSERT INTO `speciality` (`id_speciality`,`name`) VALUES (9,'Toxicología');
INSERT INTO `speciality` (`id_speciality`,`name`) VALUES (10,'Gastroenterología');
INSERT INTO `speciality` (`id_speciality`,`name`) VALUES (11,'Radiología');
INSERT INTO `speciality` (`id_speciality`,`name`) VALUES (12,'Cardiología');

INSERT INTO `fiscal_data` (`id_fiscal_data`,`rfc`,`address`,`zip_code`,`state`) VALUES (2,'AZKR8805169A9','Batalla de Naco','20740','Aguascalientes');
INSERT INTO `fiscal_data` (`id_fiscal_data`,`rfc`,`curp`,`address`,`zip_code`,`state`) VALUES (2,'AZKR8805169A9','AZKR0521MASRDS09','Batalla de Naco','20740','Chiapas');
INSERT INTO `fiscal_data` (`id_fiscal_data`,`rfc`,`curp`,`address`,`zip_code`,`state`) VALUES (3,'BALS7914278B8','BALS791427KEGB18','La otra banda','20740','Aguascalientes');
INSERT INTO `fiscal_data` (`id_fiscal_data`,`rfc`,`curp`,`address`,`zip_code`,`state`) VALUES (4,'CZKR8805169A1','CZKR880516YYS9A1','Piedra del Comal','10780','Zacatecas');
INSERT INTO `fiscal_data` (`id_fiscal_data`,`rfc`,`curp`,`address`,`zip_code`,`state`) VALUES (5,'DALS7914278D9','DALS791427DAW8D9','Balcón de los edecanes','26740','Estado de Mexico');
INSERT INTO `fiscal_data` (`id_fiscal_data`,`rfc`,`curp`,`address`,`zip_code`,`state`) VALUES (6,'KZKR8805169A1','KZKR8805169JTFA1','Rayando el sol','20765','San Luis Potosi');
INSERT INTO `fiscal_data` (`id_fiscal_data`,`rfc`,`curp`,`address`,`zip_code`,`state`) VALUES (7,'FALS7914278I1','FALS791427ODG8I1','Barrio La Lonja','10740','Chihuahua');
INSERT INTO `fiscal_data` (`id_fiscal_data`,`rfc`,`curp`,`address`,`zip_code`,`state`) VALUES (8,'CZKR8805169K1','CZKR880516HUS591','Cerveza Noche Buena','30740','Quintana Roo');
INSERT INTO `fiscal_data` (`id_fiscal_data`,`rfc`,`curp`,`address`,`zip_code`,`state`) VALUES (9,'RALG7914278B2','RALG791427VXO782','Tiro al pichón','10740','Aguascalientes');
INSERT INTO `fiscal_data` (`id_fiscal_data`,`rfc`,`curp`,`address`,`zip_code`,`state`) VALUES (10,'LZKR8805169N3','LZKR8805169GFS03','Calle de la Amargura','30740','Zacatecas');
INSERT INTO `fiscal_data` (`id_fiscal_data`,`rfc`,`curp`,`address`,`zip_code`,`state`) VALUES (11,'OALQ7914278B2','OALQ7914278NOC32','Añejo de Bacardí','50740','Jalisco');
INSERT INTO `fiscal_data` (`id_fiscal_data`,`rfc`,`curp`,`address`,`zip_code`,`state`) VALUES (12,'MZKR8805169A4','MZKR8805169PSV64','Mar de la Crisis','20756','Jalisco');
INSERT INTO `fiscal_data` (`id_fiscal_data`,`rfc`,`curp`,`address`,`zip_code`,`state`) VALUES (13,'TALS7914278B7','TALS7914278HQL67','Maremoto','20740','Tamaulipas');

INSERT INTO `roles` (`id_role`,`name`) VALUES (1,'Medico');
INSERT INTO `roles` (`id_role`,`name`) VALUES (2,'Enfermero/a');
INSERT INTO `roles` (`id_role`,`name`) VALUES (3,'Camillero');
INSERT INTO `roles` (`id_role`,`name`) VALUES (4,'Intendente');
INSERT INTO `roles` (`id_role`,`name`) VALUES (5,'Asistente Ejecutivo');
INSERT INTO `roles` (`id_role`,`name`) VALUES (6,'Residente');
INSERT INTO `roles` (`id_role`,`name`) VALUES (7,'Jefe de Departamento');
INSERT INTO `roles` (`id_role`,`name`) VALUES (9,'Tecnico');
INSERT INTO `roles` (`id_role`,`name`) VALUES (10,'Farmaceutico');
INSERT INTO `roles` (`id_role`,`name`) VALUES (11,'Paramedico');

INSERT INTO `employee_type` (`id_type`,`name`) VALUES (1,'Publico');
INSERT INTO `employee_type` (`id_type`,`name`) VALUES (2,'Privado');

INSERT INTO `employees`  (`id_employee`,`first_name`,`last_name`,`second_last_name`,`role`,`type`,`speciality`,`fiscal_data`,`birth_date`) VALUES (1,'Albert ','Richland','Flowers',1,1,1,2,'1985-10-04');
INSERT INTO `employees`  (`id_employee`,`first_name`,`last_name`,`second_last_name`,`role`,`type`,`speciality`,`fiscal_data`,`birth_date`) VALUES (2,'Ganymede','Neelima','Sandra',2,2,2,3,'1997-11-08');
INSERT INTO `employees`  (`id_employee`,`first_name`,`last_name`,`second_last_name`,`role`,`type`,`speciality`,`fiscal_data`,`birth_date`) VALUES (3,'Dinesha','Becci','Alexandria',3,1,3,4,'1982-12-06');
INSERT INTO `employees`  (`id_employee`,`first_name`,`last_name`,`second_last_name`,`role`,`type`,`speciality`,`fiscal_data`,`birth_date`) VALUES (4,'Martha ','Vegard ','Ruslan',3,2,4,5,'1974-07-15');
INSERT INTO `employees`  (`id_employee`,`first_name`,`last_name`,`second_last_name`,`role`,`type`,`speciality`,`fiscal_data`,`birth_date`) VALUES (5,'Dipti ','Earnestine','Hrvoje',5,1,2,6,'1995-09-30');
INSERT INTO `employees`  (`id_employee`,`first_name`,`last_name`,`second_last_name`,`role`,`type`,`speciality`,`fiscal_data`,`birth_date`) VALUES (6,'Hestia ','Zeph ','Titus',5,1,6,7,'1988-04-25');
INSERT INTO `employees`  (`id_employee`,`first_name`,`last_name`,`second_last_name`,`role`,`type`,`speciality`,`fiscal_data`,`birth_date`) VALUES (7,'Lieke','Augustinus','Rosemarie',6,2,7,8,'1979-08-19');
INSERT INTO `employees`  (`id_employee`,`first_name`,`last_name`,`second_last_name`,`role`,`type`,`speciality`,`fiscal_data`,`birth_date`) VALUES (8,'Refik','Jacobo','Alexandra',7,2,8,9,'1968-11-09');
INSERT INTO `employees`  (`id_employee`,`first_name`,`last_name`,`second_last_name`,`role`,`type`,`speciality`,`fiscal_data`,`birth_date`) VALUES (9,'Semele','Gulnaz','Kostas',9,2,9,10,'1965-01-31');
INSERT INTO `employees`  (`id_employee`,`first_name`,`last_name`,`second_last_name`,`role`,`type`,`speciality`,`fiscal_data`,`birth_date`) VALUES (10,'Jari','Brynhild','IJsbrand',9,1,10,11,'1999-02-12');
INSERT INTO `employees`  (`id_employee`,`first_name`,`last_name`,`second_last_name`,`role`,`type`,`speciality`,`fiscal_data`,`birth_date`) VALUES (11,'Randall','Amidius','Litherland',10,2,11,12,'1990-05-05');
INSERT INTO `employees`  (`id_employee`,`first_name`,`last_name`,`second_last_name`,`role`,`type`,`speciality`,`fiscal_data`,`birth_date`) VALUES (12,'Padmini','Jimmy','Jouko',11,1,12,13,'1992-12-16');
INSERT INTO `employees`  (`id_employee`,`first_name`,`last_name`,`second_last_name`,`role`,`type`,`speciality`,`fiscal_data`,`birth_date`) VALUES (13,'Briana','Ivannovic','Montecarlo',1,1,3,5,'1988-09-25');
INSERT INTO `employees`  (`id_employee`,`first_name`,`last_name`,`second_last_name`,`role`,`type`,`speciality`,`fiscal_data`,`birth_date`) VALUES (14,'Marcos','Gregoriano','Linnetti',1,2,3,8,'1979-10-19');
INSERT INTO `employees`  (`id_employee`,`first_name`,`last_name`,`second_last_name`,`role`,`type`,`speciality`,`fiscal_data`,`birth_date`) VALUES (15,'Satinder','Sharma','Santino',1,2,3,10,'1968-01-09');
INSERT INTO `employees`  (`id_employee`,`first_name`,`last_name`,`second_last_name`,`role`,`type`,`speciality`,`fiscal_data`,`birth_date`) VALUES (16,'Cameron','Dinnocu','Fordian',2,2,7,7,'1989-04-25');
INSERT INTO `employees`  (`id_employee`,`first_name`,`last_name`,`second_last_name`,`role`,`type`,`speciality`,`fiscal_data`,`birth_date`) VALUES (17,'Galiel','Hannel','Clinton',2,1,12,2,'1978-08-19');
INSERT INTO `employees`  (`id_employee`,`first_name`,`last_name`,`second_last_name`,`role`,`type`,`speciality`,`fiscal_data`,`birth_date`) VALUES (18,'Halina','Triano','Ugal',2,1,11,3,'1969-11-09');